{"cameraMode":{"drawMode":0,"name":"Shaded","section":"Shading Mode"},"sceneLighting":false,"audioPlay":false,"sceneViewState":{"m_AlwaysRefresh":false,"showFog":true,"showSkybox":false,"showFlares":true,"showImageEffects":true,"showParticleSystems":true,"showVisualEffectGraphs":true,"m_FxEnabled":true},"in2DMode":false,"pivot":{"x":5.607156276702881,"y":12.423551559448243,"z":-31.420677185058595},"rotation":{"x":-0.1201295331120491,"y":-0.055665817111730579,"z":0.006747794337570667,"w":-0.9911797046661377},"size":1.5339734554290772,"orthographic":false}