{"cameraMode":{"drawMode":0,"name":"Shaded","section":"Shading Mode"},"sceneLighting":false,"audioPlay":false,"sceneViewState":{"m_AlwaysRefresh":false,"showFog":true,"showSkybox":false,"showFlares":true,"showImageEffects":true,"showParticleSystems":true,"showVisualEffectGraphs":true,"m_FxEnabled":true},"in2DMode":false,"pivot":{"x":-2.5280001163482668,"y":1.409999966621399,"z":29.830001831054689},"rotation":{"x":-0.1866755187511444,"y":0.12400401383638382,"z":-0.023759223520755769,"w":-0.9742766618728638},"size":0.8660253882408142,"orthographic":false}