{"cameraMode":{"drawMode":0,"name":"Shaded","section":"Shading Mode"},"sceneLighting":false,"audioPlay":false,"sceneViewState":{"m_AlwaysRefresh":false,"showFog":true,"showSkybox":false,"showFlares":true,"showImageEffects":true,"showParticleSystems":true,"showVisualEffectGraphs":true,"m_FxEnabled":true},"in2DMode":false,"pivot":{"x":-2.5399999618530275,"y":1.4700000286102296,"z":22.030000686645509},"rotation":{"x":-0.239716038107872,"y":0.016889134421944619,"z":-0.004170828964561224,"w":-0.9706903100013733},"size":1.1157957315444947,"orthographic":false}