{"cameraMode":{"drawMode":0,"name":"Shaded","section":"Shading Mode"},"sceneLighting":false,"audioPlay":false,"sceneViewState":{"m_AlwaysRefresh":false,"showFog":true,"showSkybox":false,"showFlares":true,"showImageEffects":true,"showParticleSystems":true,"showVisualEffectGraphs":true,"m_FxEnabled":true},"in2DMode":false,"pivot":{"x":-2.5280001163482668,"y":1.4099998474121094,"z":29.830001831054689},"rotation":{"x":-0.39297592639923098,"y":0.031161118298768998,"z":-0.01332598365843296,"w":-0.9189275503158569},"size":1.1157958507537842,"orthographic":false}