{"cameraMode":{"drawMode":0,"name":"Shaded","section":"Shading Mode"},"sceneLighting":true,"audioPlay":false,"sceneViewState":{"m_AlwaysRefresh":false,"showFog":true,"showSkybox":true,"showFlares":true,"showImageEffects":true,"showParticleSystems":true,"showVisualEffectGraphs":true,"m_FxEnabled":true},"in2DMode":false,"pivot":{"x":-0.6827061176300049,"y":-6.187846660614014,"z":31.183584213256837},"rotation":{"x":-0.3831821084022522,"y":0.01717643439769745,"z":-0.007126680575311184,"w":-0.9234878420829773},"size":11.63241958618164,"orthographic":false}